timestamp,side,price,size,trade_id
2025-08-22T14:58:35.892968,sell,112342.57000000,0.01200000,fill_ask_1755867515892968
2025-08-22T14:58:35.894821,sell,112342.57000000,0.01200000,fill_ask_1755867515894822
2025-08-22T14:58:35.967762,sell,112342.57000000,0.00021000,fill_ask_1755867515967763
2025-08-22T14:58:36.145027,sell,112342.57000000,0.00007000,fill_ask_1755867516145027
2025-08-22T14:58:36.172505,sell,112342.57000000,0.02670000,fill_ask_1755867516172505
2025-08-22T14:58:36.683277,buy,112342.56000000,0.00008000,fill_bid_1755867516683278
2025-08-22T14:58:38.107341,buy,112342.56000000,0.00007000,fill_bid_1755867518107348
2025-08-22T14:58:38.417644,buy,112342.56000000,0.00005000,fill_bid_1755867518417644
2025-08-22T14:58:39.024737,buy,112342.56000000,0.00007000,fill_bid_1755867519024738
2025-08-22T14:58:39.280895,sell,112342.57000000,0.03717000,fill_ask_1755867519280896
2025-08-22T14:58:39.280981,sell,112342.57000000,0.00005000,fill_ask_1755867519280981
2025-08-22T14:58:39.281052,sell,112342.57000000,0.00005000,fill_ask_1755867519281051
2025-08-22T14:58:39.281121,sell,112342.57000000,0.00005000,fill_ask_1755867519281121
2025-08-22T14:58:39.281189,sell,112342.57000000,0.00005000,fill_ask_1755867519281189
2025-08-22T14:58:39.281257,sell,112342.57000000,0.00005000,fill_ask_1755867519281257
2025-08-22T14:58:39.281324,sell,112342.57000000,0.00005000,fill_ask_1755867519281324
2025-08-22T14:58:39.281417,sell,112342.57000000,0.00005000,fill_ask_1755867519281417
2025-08-22T14:58:39.281520,sell,112342.57000000,0.00005000,fill_ask_1755867519281520
2025-08-22T14:58:39.281623,sell,112342.57000000,0.00039000,fill_ask_1755867519281623
2025-08-22T14:58:39.281707,sell,112342.57000000,0.00070000,fill_ask_1755867519281707
2025-08-22T14:58:39.281778,sell,112342.57000000,0.00005000,fill_ask_1755867519281779
2025-08-22T14:58:39.281847,sell,112342.57000000,0.00005000,fill_ask_1755867519281847
2025-08-22T14:58:39.281916,sell,112342.57000000,0.00005000,fill_ask_1755867519281916
2025-08-22T14:58:39.281983,sell,112342.57000000,0.00010000,fill_ask_1755867519281983
2025-08-22T14:58:39.282050,sell,112342.57000000,0.02618000,fill_ask_1755867519282050
2025-08-22T14:58:39.354671,sell,112342.57000000,0.00007000,fill_ask_1755867519354672
2025-08-22T14:58:39.500280,buy,112342.56000000,0.00010000,fill_bid_1755867519500281
2025-08-22T14:58:39.522936,buy,112342.56000000,0.00728000,fill_bid_1755867519522936
2025-08-22T14:58:39.580921,sell,112342.57000000,0.00067000,fill_ask_1755867519580922
2025-08-22T14:58:40.305814,buy,112342.56000000,0.00009000,fill_bid_1755867520305815
2025-08-22T14:58:40.409946,sell,112342.57000000,0.00089000,fill_ask_1755867520409947
2025-08-22T14:58:40.784559,sell,112342.57000000,0.00004000,fill_ask_1755867520784559
2025-08-22T14:58:41.818767,buy,112342.56000000,0.00007000,fill_bid_1755867521818769
2025-08-22T14:58:42.277368,sell,112342.57000000,0.00028000,fill_ask_1755867522277368
2025-08-22T14:58:43.357788,sell,112342.57000000,0.00007000,fill_ask_1755867523357787
2025-08-22T14:58:44.479787,sell,112342.57000000,0.00044000,fill_ask_1755867524479789
2025-08-22T14:58:44.564647,buy,112342.56000000,0.00007000,fill_bid_1755867524564647
2025-08-22T14:58:44.595948,sell,112342.57000000,0.00010000,fill_ask_1755867524595948
2025-08-22T14:58:44.604252,sell,112342.57000000,0.00100000,fill_ask_1755867524604251
2025-08-22T14:58:44.761898,buy,112342.56000000,0.00008000,fill_bid_1755867524761899
2025-08-22T14:58:45.227718,sell,112342.57000000,0.00097000,fill_ask_1755867525227718
2025-08-22T14:58:45.320766,buy,112342.56000000,0.05000000,fill_bid_1755867525320767
2025-08-22T14:58:45.320899,buy,112342.56000000,0.03024000,fill_bid_1755867525320899
2025-08-22T14:58:45.321003,buy,112342.56000000,0.01512000,fill_bid_1755867525321003
2025-08-22T14:58:45.328970,buy,112342.56000000,0.00102000,fill_bid_1755867525328971
2025-08-22T14:58:45.529510,buy,112342.56000000,0.01038000,fill_bid_1755867525529509
2025-08-22T14:58:45.636293,sell,112342.57000000,0.00033000,fill_ask_1755867525636293
2025-08-22T14:58:45.820789,sell,112342.57000000,0.00007000,fill_ask_1755867525820789
2025-08-22T14:58:45.881208,sell,112342.57000000,0.00088000,fill_ask_1755867525881208
2025-08-22T14:58:45.890737,sell,112342.57000000,0.00031000,fill_ask_1755867525890736
2025-08-22T14:58:45.981889,sell,112342.57000000,0.01000000,fill_ask_1755867525981890
2025-08-22T14:58:46.014363,buy,112342.56000000,0.00345000,fill_bid_1755867526014362
2025-08-22T14:58:46.297822,sell,112342.57000000,0.00019000,fill_ask_1755867526297822
2025-08-22T14:58:46.617199,sell,112342.57000000,0.00050000,fill_ask_1755867526617200
2025-08-22T14:58:46.950533,buy,112342.56000000,0.00007000,fill_bid_1755867526950533
2025-08-22T14:58:47.109778,buy,112342.56000000,0.00084000,fill_bid_1755867527109783
2025-08-22T14:58:47.302221,buy,112342.56000000,0.00031000,fill_bid_1755867527302222
2025-08-22T14:58:47.517230,sell,112342.57000000,0.00143000,fill_ask_1755867527517236
2025-08-22T14:58:48.009579,buy,112342.56000000,0.00068000,fill_bid_1755867528009583
2025-08-22T14:58:48.604521,sell,112342.57000000,0.00007000,fill_ask_1755867528604521
2025-08-22T14:58:48.655594,sell,112342.57000000,0.00200000,fill_ask_1755867528655593
2025-08-22T14:58:48.705606,sell,112342.57000000,0.00041000,fill_ask_1755867528705606
2025-08-22T14:58:48.810661,sell,112342.57000000,0.00890000,fill_ask_1755867528810661
2025-08-22T14:58:48.859564,sell,112342.57000000,0.00033000,fill_ask_1755867528859564
2025-08-22T14:58:48.862912,sell,112342.57000000,0.01662000,fill_ask_1755867528862912
2025-08-22T14:58:49.645805,sell,112342.57000000,0.00009000,fill_ask_1755867529645805
2025-08-22T14:58:49.681618,buy,112342.56000000,0.02470000,fill_bid_1755867529681619
2025-08-22T14:58:49.684153,buy,112342.56000000,0.03024000,fill_bid_1755867529684153
2025-08-22T14:58:49.684241,buy,112342.56000000,0.05000000,fill_bid_1755867529684240
2025-08-22T14:58:49.684359,buy,112342.56000000,0.00555000,fill_bid_1755867529684358
2025-08-22T14:58:49.690609,buy,112342.56000000,0.05000000,fill_bid_1755867529690610
2025-08-22T14:58:49.748290,buy,112342.56000000,0.00428000,fill_bid_1755867529748290
2025-08-22T14:58:49.748413,buy,112342.56000000,0.00438000,fill_bid_1755867529748412
2025-08-22T14:58:49.776958,buy,112342.56000000,0.03024000,fill_bid_1755867529776958
2025-08-22T14:58:49.777023,buy,112342.56000000,0.01512000,fill_bid_1755867529777024
2025-08-22T14:58:49.785484,buy,112342.56000000,0.05000000,fill_bid_1755867529785484
2025-08-22T14:58:49.792906,buy,112342.56000000,0.02670000,fill_bid_1755867529792906
2025-08-22T14:58:49.794755,buy,112342.56000000,0.01900000,fill_bid_1755867529794755
2025-08-22T14:58:49.802572,buy,112342.56000000,0.00152000,fill_bid_1755867529802572
2025-08-22T14:58:49.802762,buy,112342.56000000,0.00698000,fill_bid_1755867529802763
2025-08-22T14:58:49.806639,sell,112342.57000000,0.00445000,fill_ask_1755867529806639
2025-08-22T14:58:49.809750,buy,112342.56000000,0.00090000,fill_bid_1755867529809750
2025-08-22T14:58:49.816008,buy,112342.56000000,0.02050000,fill_bid_1755867529816007
2025-08-22T14:58:49.865522,buy,112342.56000000,0.02670000,fill_bid_1755867529865522
2025-08-22T14:58:49.865555,buy,112342.56000000,0.00170000,fill_bid_1755867529865555
2025-08-22T14:58:49.865585,buy,112342.56000000,0.01600000,fill_bid_1755867529865584
2025-08-22T14:58:49.865615,buy,112342.56000000,0.00635000,fill_bid_1755867529865615
2025-08-22T14:58:49.865645,buy,112342.56000000,0.02670000,fill_bid_1755867529865645
2025-08-22T14:58:49.887597,buy,112342.56000000,0.02147000,fill_bid_1755867529887597
2025-08-22T14:58:49.887628,buy,112342.56000000,0.00005000,fill_bid_1755867529887628
2025-08-22T14:58:49.887652,buy,112342.56000000,0.00005000,fill_bid_1755867529887652
2025-08-22T14:58:49.887676,buy,112342.56000000,0.00005000,fill_bid_1755867529887676
2025-08-22T14:58:49.887700,buy,112342.56000000,0.00045000,fill_bid_1755867529887700
2025-08-22T14:58:49.887724,buy,112342.56000000,0.00005000,fill_bid_1755867529887724
2025-08-22T14:58:49.887747,buy,112342.56000000,0.00005000,fill_bid_1755867529887747
2025-08-22T14:58:49.887770,buy,112342.56000000,0.00005000,fill_bid_1755867529887770
2025-08-22T14:58:49.887793,buy,112342.56000000,0.00005000,fill_bid_1755867529887792
2025-08-22T14:58:49.887817,buy,112342.56000000,0.00005000,fill_bid_1755867529887817
2025-08-22T14:58:49.887840,buy,112342.56000000,0.00005000,fill_bid_1755867529887840
2025-08-22T14:58:49.887864,buy,112342.56000000,0.00005000,fill_bid_1755867529887864
2025-08-22T14:58:49.887886,buy,112342.56000000,0.00005000,fill_bid_1755867529887886
2025-08-22T14:58:49.887908,buy,112342.56000000,0.00133000,fill_bid_1755867529887908
2025-08-22T14:58:49.887931,buy,112342.56000000,0.00290000,fill_bid_1755867529887930
2025-08-22T14:58:49.887963,buy,112342.56000000,0.02670000,fill_bid_1755867529887962
2025-08-22T14:58:50.037670,buy,112342.56000000,0.00340000,fill_bid_1755867530037670
2025-08-22T14:58:50.065241,sell,112342.57000000,0.00158000,fill_ask_1755867530065241
2025-08-22T14:58:50.304460,sell,112342.57000000,0.00095000,fill_ask_1755867530304460
2025-08-22T14:58:50.462346,sell,112342.57000000,0.00089000,fill_ask_1755867530462347
2025-08-22T14:58:50.560393,sell,112342.57000000,0.00436000,fill_ask_1755867530560394
2025-08-22T14:58:51.064707,buy,112342.56000000,0.00572000,fill_bid_1755867531064708
2025-08-22T14:58:51.115173,buy,112342.56000000,0.00016000,fill_bid_1755867531115173
2025-08-22T14:58:51.122554,buy,112342.56000000,0.00310000,fill_bid_1755867531122554
2025-08-22T14:58:51.275741,sell,112342.57000000,0.00057000,fill_ask_1755867531275740
2025-08-22T14:58:51.527264,buy,112342.56000000,0.00007000,fill_bid_1755867531527264
2025-08-22T14:58:51.926517,sell,112342.57000000,0.00005000,fill_ask_1755867531926517
2025-08-22T14:58:52.074129,sell,112342.57000000,0.00062000,fill_ask_1755867532074128
2025-08-22T14:58:52.393260,buy,112342.56000000,0.05000000,fill_bid_1755867532393261
2025-08-22T14:58:52.393414,buy,112342.56000000,0.01512000,fill_bid_1755867532393413
2025-08-22T14:58:52.393703,buy,112342.56000000,0.05000000,fill_bid_1755867532393703
2025-08-22T14:58:52.544903,buy,112342.56000000,0.00373000,fill_bid_1755867532544902
2025-08-22T14:58:52.663782,buy,112342.56000000,0.00228000,fill_bid_1755867532663782
2025-08-22T14:58:52.666717,sell,112342.57000000,0.00008000,fill_ask_1755867532666716
2025-08-22T14:58:52.828724,buy,112342.56000000,0.00065000,fill_bid_1755867532828725
2025-08-22T14:58:52.874681,buy,112342.56000000,0.00264000,fill_bid_1755867532874682
2025-08-22T14:58:52.912238,sell,112342.57000000,0.00007000,fill_ask_1755867532912239
2025-08-22T14:58:53.008568,buy,112342.56000000,0.00356000,fill_bid_1755867533008568
2025-08-22T14:58:53.275484,buy,112342.56000000,0.03023000,fill_bid_1755867533275483
2025-08-22T14:58:53.275564,buy,112342.56000000,0.01020000,fill_bid_1755867533275564
2025-08-22T14:58:53.351791,sell,112342.57000000,0.00013000,fill_ask_1755867533351791
2025-08-22T14:58:53.598026,buy,112342.56000000,0.00026000,fill_bid_1755867533598027
2025-08-22T14:58:53.886570,buy,112342.56000000,0.00526000,fill_bid_1755867533886570
2025-08-22T14:58:53.894240,buy,112342.56000000,0.00100000,fill_bid_1755867533894241
2025-08-22T14:58:53.906949,buy,112342.56000000,0.00550000,fill_bid_1755867533906949
2025-08-22T14:58:53.916903,buy,112342.56000000,0.00200000,fill_bid_1755867533916903
2025-08-22T14:58:53.918640,buy,112342.56000000,0.00007000,fill_bid_1755867533918640
2025-08-22T14:58:53.922174,buy,112342.56000000,0.00131000,fill_bid_1755867533922174
2025-08-22T14:58:53.929690,buy,112342.56000000,0.00010000,fill_bid_1755867533929690
2025-08-22T14:58:53.937313,buy,112342.56000000,0.02670000,fill_bid_1755867533937313
2025-08-22T14:58:53.945977,buy,112342.56000000,0.00005000,fill_bid_1755867533945977
2025-08-22T14:58:53.946084,buy,112342.56000000,0.00005000,fill_bid_1755867533946084
2025-08-22T14:58:53.946180,buy,112342.56000000,0.00005000,fill_bid_1755867533946180
2025-08-22T14:58:53.946274,buy,112342.56000000,0.00032000,fill_bid_1755867533946274
2025-08-22T14:58:53.946366,buy,112342.56000000,0.00445000,fill_bid_1755867533946365
2025-08-22T14:58:53.946458,buy,112342.56000000,0.00005000,fill_bid_1755867533946458
2025-08-22T14:58:53.946553,buy,112342.56000000,0.00005000,fill_bid_1755867533946553
2025-08-22T14:58:53.946645,buy,112342.56000000,0.00010000,fill_bid_1755867533946645
2025-08-22T14:58:53.946737,buy,112342.56000000,0.00005000,fill_bid_1755867533946736
2025-08-22T14:58:53.946828,buy,112342.56000000,0.00005000,fill_bid_1755867533946828
2025-08-22T14:58:53.946920,buy,112342.56000000,0.00005000,fill_bid_1755867533946920
2025-08-22T14:58:53.947011,buy,112342.56000000,0.00005000,fill_bid_1755867533947011
2025-08-22T14:58:53.947105,buy,112342.56000000,0.00218000,fill_bid_1755867533947105
2025-08-22T14:58:53.947999,buy,112342.56000000,0.00302000,fill_bid_1755867533947999
2025-08-22T14:58:53.948096,buy,112342.56000000,0.00005000,fill_bid_1755867533948096
2025-08-22T14:58:53.948189,buy,112342.56000000,0.00005000,fill_bid_1755867533948189
2025-08-22T14:58:53.948287,buy,112342.56000000,0.00005000,fill_bid_1755867533948287
2025-08-22T14:58:53.948379,buy,112342.56000000,0.00005000,fill_bid_1755867533948378
2025-08-22T14:58:53.948470,buy,112342.56000000,0.00005000,fill_bid_1755867533948470
2025-08-22T14:58:53.948562,buy,112342.56000000,0.00005000,fill_bid_1755867533948562
2025-08-22T14:58:53.948714,buy,112342.56000000,0.00133000,fill_bid_1755867533948714
2025-08-22T14:58:53.948828,buy,112342.56000000,0.00005000,fill_bid_1755867533948828
2025-08-22T14:58:53.948927,buy,112342.56000000,0.00005000,fill_bid_1755867533948927
2025-08-22T14:58:53.949024,buy,112342.56000000,0.00010000,fill_bid_1755867533949024
2025-08-22T14:58:53.949164,buy,112342.56000000,0.00010000,fill_bid_1755867533949164
2025-08-22T14:58:53.949268,buy,112342.56000000,0.00010000,fill_bid_1755867533949267
2025-08-22T14:58:53.949403,buy,112342.56000000,0.00005000,fill_bid_1755867533949402
2025-08-22T14:58:53.949505,buy,112342.56000000,0.00005000,fill_bid_1755867533949505
2025-08-22T14:58:53.949599,buy,112342.56000000,0.00005000,fill_bid_1755867533949599
2025-08-22T14:58:53.949692,buy,112342.56000000,0.00005000,fill_bid_1755867533949692
2025-08-22T14:58:53.949796,buy,112342.56000000,0.00005000,fill_bid_1755867533949796
2025-08-22T14:58:53.949890,buy,112342.56000000,0.00005000,fill_bid_1755867533949890
2025-08-22T14:58:53.949981,buy,112342.56000000,0.00005000,fill_bid_1755867533949981
2025-08-22T14:58:53.950072,buy,112342.56000000,0.00005000,fill_bid_1755867533950072
2025-08-22T14:58:53.950164,buy,112342.56000000,0.00005000,fill_bid_1755867533950164
2025-08-22T14:58:53.950256,buy,112342.56000000,0.00005000,fill_bid_1755867533950256
2025-08-22T14:58:53.950350,buy,112342.56000000,0.00010000,fill_bid_1755867533950350
2025-08-22T14:58:53.955501,buy,112342.56000000,0.00242000,fill_bid_1755867533955502
2025-08-22T14:58:53.960762,buy,112342.56000000,0.00044000,fill_bid_1755867533960763
2025-08-22T14:58:53.964061,buy,112342.56000000,0.01396000,fill_bid_1755867533964061
2025-08-22T14:58:53.967068,buy,112342.56000000,0.00044000,fill_bid_1755867533967069
2025-08-22T14:58:54.048643,buy,112342.50000000,0.00005000,fill_bid_1755867534048644
2025-08-22T14:58:54.048762,buy,112342.50000000,0.00010000,fill_bid_1755867534048762
2025-08-22T14:58:54.048857,buy,112342.50000000,0.00005000,fill_bid_1755867534048857
2025-08-22T14:58:54.048950,buy,112342.50000000,0.00005000,fill_bid_1755867534048950
2025-08-22T14:58:54.049041,buy,112342.50000000,0.00010000,fill_bid_1755867534049040
2025-08-22T14:58:54.049132,buy,112342.50000000,0.00010000,fill_bid_1755867534049132
2025-08-22T14:58:54.049224,buy,112342.50000000,0.00005000,fill_bid_1755867534049224
2025-08-22T14:58:54.049317,buy,112342.50000000,0.00005000,fill_bid_1755867534049317
2025-08-22T14:58:54.049407,buy,112342.50000000,0.00005000,fill_bid_1755867534049407
2025-08-22T14:58:54.049498,buy,112342.50000000,0.00005000,fill_bid_1755867534049498
2025-08-22T14:58:54.049593,buy,112342.50000000,0.00005000,fill_bid_1755867534049593
2025-08-22T14:58:54.049683,buy,112342.50000000,0.00005000,fill_bid_1755867534049682
2025-08-22T14:58:54.049773,buy,112342.50000000,0.00005000,fill_bid_1755867534049773
2025-08-22T14:58:54.049861,buy,112342.50000000,0.00005000,fill_bid_1755867534049861
2025-08-22T14:58:54.049951,buy,112342.50000000,0.00005000,fill_bid_1755867534049951
2025-08-22T14:58:54.050041,buy,112342.50000000,0.00005000,fill_bid_1755867534050041
2025-08-22T14:58:54.050131,buy,112342.50000000,0.00005000,fill_bid_1755867534050130
2025-08-22T14:58:54.050221,buy,112342.50000000,0.00005000,fill_bid_1755867534050222
2025-08-22T14:58:54.050311,buy,112342.50000000,0.00005000,fill_bid_1755867534050310
2025-08-22T14:58:54.050400,buy,112342.50000000,0.00005000,fill_bid_1755867534050400
2025-08-22T14:58:54.050490,buy,112342.50000000,0.00005000,fill_bid_1755867534050490
2025-08-22T14:58:54.050581,buy,112342.50000000,0.00005000,fill_bid_1755867534050581
2025-08-22T14:58:54.050671,buy,112342.50000000,0.00005000,fill_bid_1755867534050672
2025-08-22T14:58:54.050762,buy,112342.50000000,0.00005000,fill_bid_1755867534050762
2025-08-22T14:58:54.050853,buy,112342.50000000,0.00010000,fill_bid_1755867534050853
2025-08-22T14:58:54.050943,buy,112342.50000000,0.00029000,fill_bid_1755867534050943
2025-08-22T14:58:54.051032,buy,112342.50000000,0.00005000,fill_bid_1755867534051032
2025-08-22T14:58:54.051124,buy,112342.50000000,0.00005000,fill_bid_1755867534051123
2025-08-22T14:58:54.051215,buy,112342.50000000,0.00005000,fill_bid_1755867534051215
2025-08-22T14:58:54.051307,buy,112342.50000000,0.00005000,fill_bid_1755867534051307
2025-08-22T14:58:54.051398,buy,112342.50000000,0.00005000,fill_bid_1755867534051399
2025-08-22T14:58:54.051489,buy,112342.50000000,0.00005000,fill_bid_1755867534051489
2025-08-22T14:58:54.051580,buy,112342.50000000,0.00005000,fill_bid_1755867534051580
2025-08-22T14:58:54.051671,buy,112342.50000000,0.00005000,fill_bid_1755867534051671
2025-08-22T14:58:54.051763,buy,112342.50000000,0.00005000,fill_bid_1755867534051763
2025-08-22T14:58:54.051854,buy,112342.50000000,0.00005000,fill_bid_1755867534051854
2025-08-22T14:58:54.051943,buy,112342.50000000,0.00005000,fill_bid_1755867534051942
2025-08-22T14:58:54.052034,buy,112342.50000000,0.00005000,fill_bid_1755867534052034
2025-08-22T14:58:54.052124,buy,112342.50000000,0.00005000,fill_bid_1755867534052123
2025-08-22T14:58:54.052214,buy,112342.50000000,0.00005000,fill_bid_1755867534052214
2025-08-22T14:58:54.052294,buy,112342.50000000,0.00005000,fill_bid_1755867534052293
2025-08-22T14:58:54.052374,buy,112342.50000000,0.00005000,fill_bid_1755867534052374
2025-08-22T14:58:54.052457,buy,112342.50000000,0.00935000,fill_bid_1755867534052456
2025-08-22T14:58:54.052646,buy,112342.50000000,0.00401000,fill_bid_1755867534052646
2025-08-22T14:58:54.052727,buy,112342.50000000,0.00005000,fill_bid_1755867534052727
2025-08-22T14:58:54.052806,buy,112342.50000000,0.00005000,fill_bid_1755867534052806
2025-08-22T14:58:54.052893,buy,112342.50000000,0.00005000,fill_bid_1755867534052893
2025-08-22T14:58:54.052973,buy,112342.50000000,0.00005000,fill_bid_1755867534052973
2025-08-22T14:58:54.053059,buy,112342.50000000,0.00005000,fill_bid_1755867534053059
2025-08-22T14:58:54.053137,buy,112342.50000000,0.00005000,fill_bid_1755867534053136
2025-08-22T14:58:54.053216,buy,112342.50000000,0.00005000,fill_bid_1755867534053216
2025-08-22T14:58:54.053296,buy,112342.50000000,0.00005000,fill_bid_1755867534053296
2025-08-22T14:58:54.053376,buy,112342.50000000,0.00005000,fill_bid_1755867534053376
2025-08-22T14:58:54.053456,buy,112342.50000000,0.00005000,fill_bid_1755867534053455
2025-08-22T14:58:54.053535,buy,112342.50000000,0.00005000,fill_bid_1755867534053535
2025-08-22T14:58:54.053615,buy,112342.50000000,0.00005000,fill_bid_1755867534053615
2025-08-22T14:58:54.053695,buy,112342.50000000,0.00005000,fill_bid_1755867534053695
2025-08-22T14:58:54.053775,buy,112342.50000000,0.00005000,fill_bid_1755867534053775
2025-08-22T14:58:54.053854,buy,112342.50000000,0.00005000,fill_bid_1755867534053854
2025-08-22T14:58:54.053933,buy,112342.50000000,0.00005000,fill_bid_1755867534053933
2025-08-22T14:58:54.054012,buy,112342.50000000,0.00005000,fill_bid_1755867534054011
2025-08-22T14:58:54.054092,buy,112342.50000000,0.00100000,fill_bid_1755867534054092
2025-08-22T14:58:54.054172,buy,112342.50000000,0.00010000,fill_bid_1755867534054171
2025-08-22T14:58:54.054251,buy,112342.50000000,0.00005000,fill_bid_1755867534054251
2025-08-22T14:58:54.054330,buy,112342.50000000,0.00005000,fill_bid_1755867534054330
2025-08-22T14:58:54.054417,buy,112342.50000000,0.00005000,fill_bid_1755867534054417
2025-08-22T14:58:54.066285,buy,112342.50000000,0.00010000,fill_bid_1755867534066286
2025-08-22T14:58:54.066391,buy,112342.50000000,0.00005000,fill_bid_1755867534066391
2025-08-22T14:58:54.066485,buy,112342.50000000,0.00010000,fill_bid_1755867534066485
2025-08-22T14:58:54.066577,buy,112342.50000000,0.00010000,fill_bid_1755867534066578
2025-08-22T14:58:54.066668,buy,112342.50000000,0.00005000,fill_bid_1755867534066668
2025-08-22T14:58:54.066760,buy,112342.50000000,0.00005000,fill_bid_1755867534066759
2025-08-22T14:58:54.066851,buy,112342.50000000,0.00005000,fill_bid_1755867534066851
2025-08-22T14:58:54.066940,buy,112342.50000000,0.00005000,fill_bid_1755867534066939
2025-08-22T14:58:54.067030,buy,112342.50000000,0.00005000,fill_bid_1755867534067031
2025-08-22T14:58:54.067121,buy,112342.50000000,0.00005000,fill_bid_1755867534067122
2025-08-22T14:58:54.067218,buy,112342.50000000,0.00005000,fill_bid_1755867534067217
2025-08-22T14:58:54.067307,buy,112342.50000000,0.00005000,fill_bid_1755867534067307
2025-08-22T14:58:54.067397,buy,112342.50000000,0.00005000,fill_bid_1755867534067397
2025-08-22T14:58:54.067487,buy,112342.50000000,0.00005000,fill_bid_1755867534067487
2025-08-22T14:58:54.067577,buy,112342.50000000,0.00005000,fill_bid_1755867534067577
2025-08-22T14:58:54.067667,buy,112342.50000000,0.00005000,fill_bid_1755867534067668
2025-08-22T14:58:54.067757,buy,112342.50000000,0.00005000,fill_bid_1755867534067757
2025-08-22T14:58:54.067846,buy,112342.50000000,0.00005000,fill_bid_1755867534067847
2025-08-22T14:58:54.067936,buy,112342.50000000,0.00005000,fill_bid_1755867534067936
2025-08-22T14:58:54.068027,buy,112342.50000000,0.00005000,fill_bid_1755867534068026
2025-08-22T14:58:54.068118,buy,112342.50000000,0.00005000,fill_bid_1755867534068118
2025-08-22T14:58:54.068207,buy,112342.50000000,0.00005000,fill_bid_1755867534068207
2025-08-22T14:58:54.068297,buy,112342.50000000,0.00005000,fill_bid_1755867534068297
2025-08-22T14:58:54.068386,buy,112342.50000000,0.00005000,fill_bid_1755867534068387
2025-08-22T14:58:54.068476,buy,112342.50000000,0.00010000,fill_bid_1755867534068476
2025-08-22T14:58:54.068566,buy,112342.50000000,0.00005000,fill_bid_1755867534068566
2025-08-22T14:58:54.068654,buy,112342.50000000,0.00005000,fill_bid_1755867534068655
2025-08-22T14:58:54.068743,buy,112342.50000000,0.00010000,fill_bid_1755867534068744
2025-08-22T14:58:54.068835,buy,112342.50000000,0.00005000,fill_bid_1755867534068835
2025-08-22T14:58:54.068924,buy,112342.50000000,0.00005000,fill_bid_1755867534068925
2025-08-22T14:58:54.069014,buy,112342.50000000,0.00005000,fill_bid_1755867534069014
2025-08-22T14:58:54.069104,buy,112342.50000000,0.00005000,fill_bid_1755867534069104
2025-08-22T14:58:54.069194,buy,112342.50000000,0.00005000,fill_bid_1755867534069195
2025-08-22T14:58:54.069357,buy,112342.50000000,0.00005000,fill_bid_1755867534069357
2025-08-22T14:58:54.069473,buy,112342.50000000,0.00005000,fill_bid_1755867534069473
2025-08-22T14:58:54.069571,buy,112342.50000000,0.00005000,fill_bid_1755867534069571
2025-08-22T14:58:54.069669,buy,112342.50000000,0.00005000,fill_bid_1755867534069669
2025-08-22T14:58:54.069766,buy,112342.50000000,0.00005000,fill_bid_1755867534069765
2025-08-22T14:58:54.069856,buy,112342.50000000,0.00005000,fill_bid_1755867534069856
2025-08-22T14:58:54.069950,buy,112342.50000000,0.00005000,fill_bid_1755867534069951
2025-08-22T14:58:54.070031,buy,112342.50000000,0.00226000,fill_bid_1755867534070031
2025-08-22T14:58:54.070110,buy,112342.50000000,0.01000000,fill_bid_1755867534070109
2025-08-22T14:58:54.070195,buy,112342.50000000,0.00173000,fill_bid_1755867534070195
2025-08-22T14:58:54.070277,buy,112342.50000000,0.00005000,fill_bid_1755867534070277
2025-08-22T14:58:54.121953,buy,112341.18000000,0.00260000,fill_bid_1755867534121954
2025-08-22T14:58:54.122056,buy,112341.18000000,0.03421000,fill_bid_1755867534122056
2025-08-22T14:58:54.122159,buy,112341.18000000,0.00005000,fill_bid_1755867534122159
2025-08-22T14:58:54.122395,buy,112341.18000000,0.00005000,fill_bid_1755867534122394
2025-08-22T14:58:54.122475,buy,112341.18000000,0.00005000,fill_bid_1755867534122475
2025-08-22T14:58:54.122549,buy,112341.18000000,0.00010000,fill_bid_1755867534122550
2025-08-22T14:58:54.122714,buy,112341.18000000,0.00005000,fill_bid_1755867534122714
2025-08-22T14:58:54.122794,buy,112341.18000000,0.00005000,fill_bid_1755867534122794
2025-08-22T14:58:54.122909,buy,112341.18000000,0.00005000,fill_bid_1755867534122908
2025-08-22T14:58:54.122983,buy,112341.18000000,0.00005000,fill_bid_1755867534122983
2025-08-22T14:58:54.123076,buy,112341.18000000,0.00005000,fill_bid_1755867534123076
2025-08-22T14:58:54.123152,buy,112341.18000000,0.00010000,fill_bid_1755867534123151
2025-08-22T14:58:54.123231,buy,112341.18000000,0.00005000,fill_bid_1755867534123231
2025-08-22T14:58:54.123313,buy,112341.18000000,0.00005000,fill_bid_1755867534123313
2025-08-22T14:58:54.123408,buy,112341.18000000,0.00005000,fill_bid_1755867534123407
2025-08-22T14:58:54.123483,buy,112341.18000000,0.00010000,fill_bid_1755867534123484
2025-08-22T14:58:54.123555,buy,112341.18000000,0.00005000,fill_bid_1755867534123555
2025-08-22T14:58:54.123625,buy,112341.18000000,0.00005000,fill_bid_1755867534123625
2025-08-22T14:58:54.123723,buy,112341.18000000,0.00005000,fill_bid_1755867534123723
2025-08-22T14:58:54.123814,buy,112341.18000000,0.00005000,fill_bid_1755867534123813
2025-08-22T14:58:54.123887,buy,112341.18000000,0.00005000,fill_bid_1755867534123887
2025-08-22T14:58:54.123960,buy,112341.18000000,0.00005000,fill_bid_1755867534123960
2025-08-22T14:58:54.124032,buy,112341.18000000,0.00005000,fill_bid_1755867534124032
2025-08-22T14:58:54.124118,buy,112341.18000000,0.00005000,fill_bid_1755867534124118
2025-08-22T14:58:54.124211,buy,112341.18000000,0.00005000,fill_bid_1755867534124210
2025-08-22T14:58:54.124283,buy,112341.18000000,0.00005000,fill_bid_1755867534124282
2025-08-22T14:58:54.124358,buy,112341.18000000,0.00005000,fill_bid_1755867534124358
2025-08-22T14:58:54.124429,buy,112341.18000000,0.00005000,fill_bid_1755867534124429
2025-08-22T14:58:54.124501,buy,112341.18000000,0.00005000,fill_bid_1755867534124501
2025-08-22T14:58:54.124595,buy,112341.18000000,0.00005000,fill_bid_1755867534124596
2025-08-22T14:58:54.124666,buy,112341.18000000,0.00005000,fill_bid_1755867534124666
2025-08-22T14:58:54.124735,buy,112341.18000000,0.00005000,fill_bid_1755867534124735
2025-08-22T14:58:54.124880,buy,112341.18000000,0.00005000,fill_bid_1755867534124879
2025-08-22T14:58:54.130506,buy,112341.18000000,0.00005000,fill_bid_1755867534130507
2025-08-22T14:58:54.130598,buy,112341.18000000,0.00005000,fill_bid_1755867534130599
2025-08-22T14:58:54.130642,buy,112341.18000000,0.00005000,fill_bid_1755867534130642
2025-08-22T14:58:54.130688,buy,112341.18000000,0.00010000,fill_bid_1755867534130689
2025-08-22T14:58:54.130759,buy,112341.18000000,0.00005000,fill_bid_1755867534130760
2025-08-22T14:58:54.130797,buy,112341.18000000,0.00005000,fill_bid_1755867534130797
2025-08-22T14:58:54.130849,buy,112341.18000000,0.00005000,fill_bid_1755867534130849
2025-08-22T14:58:54.130875,buy,112341.18000000,0.00005000,fill_bid_1755867534130874
2025-08-22T14:58:54.130901,buy,112341.18000000,0.00005000,fill_bid_1755867534130901
2025-08-22T14:58:54.130926,buy,112341.18000000,0.00005000,fill_bid_1755867534130926
2025-08-22T14:58:54.130952,buy,112341.18000000,0.00005000,fill_bid_1755867534130952
2025-08-22T14:58:54.130978,buy,112341.18000000,0.00005000,fill_bid_1755867534130978
2025-08-22T14:58:54.131002,buy,112341.18000000,0.00005000,fill_bid_1755867534131002
2025-08-22T14:58:54.131027,buy,112341.18000000,0.00005000,fill_bid_1755867534131027
2025-08-22T14:58:54.131051,buy,112341.18000000,0.00010000,fill_bid_1755867534131051
2025-08-22T14:58:54.131075,buy,112341.18000000,0.00005000,fill_bid_1755867534131076
2025-08-22T14:58:54.131100,buy,112341.18000000,0.00005000,fill_bid_1755867534131100
2025-08-22T14:58:54.131124,buy,112341.18000000,0.00005000,fill_bid_1755867534131124
2025-08-22T14:58:54.131149,buy,112341.18000000,0.00005000,fill_bid_1755867534131149
2025-08-22T14:58:54.131173,buy,112341.18000000,0.00534000,fill_bid_1755867534131173
2025-08-22T14:58:54.131197,buy,112341.18000000,0.00008000,fill_bid_1755867534131197
2025-08-22T14:58:54.131221,buy,112341.18000000,0.00005000,fill_bid_1755867534131221
2025-08-22T14:58:54.131246,buy,112341.18000000,0.00010000,fill_bid_1755867534131246
2025-08-22T14:58:54.131270,buy,112341.18000000,0.00005000,fill_bid_1755867534131270
2025-08-22T14:58:54.131294,buy,112341.18000000,0.00005000,fill_bid_1755867534131294
2025-08-22T14:58:54.131319,buy,112341.18000000,0.00005000,fill_bid_1755867534131319
2025-08-22T14:58:54.131343,buy,112341.18000000,0.00005000,fill_bid_1755867534131343
2025-08-22T14:58:54.131367,buy,112341.18000000,0.00005000,fill_bid_1755867534131367
2025-08-22T14:58:54.131392,buy,112341.18000000,0.05000000,fill_bid_1755867534131392
2025-08-22T14:58:54.131416,buy,112341.18000000,0.00005000,fill_bid_1755867534131416
2025-08-22T14:58:54.131441,buy,112341.18000000,0.00005000,fill_bid_1755867534131441
2025-08-22T14:58:54.131467,buy,112341.18000000,0.00005000,fill_bid_1755867534131467
2025-08-22T14:58:54.131489,buy,112341.18000000,0.00010000,fill_bid_1755867534131489
2025-08-22T14:58:54.131512,buy,112341.18000000,0.00005000,fill_bid_1755867534131512
2025-08-22T14:58:54.131534,buy,112341.18000000,0.00005000,fill_bid_1755867534131534
2025-08-22T14:58:54.131556,buy,112341.18000000,0.00005000,fill_bid_1755867534131556
2025-08-22T14:58:54.131578,buy,112341.18000000,0.00018000,fill_bid_1755867534131578
2025-08-22T14:58:54.131601,buy,112341.18000000,0.00005000,fill_bid_1755867534131600
2025-08-22T14:58:54.131623,buy,112341.18000000,0.00005000,fill_bid_1755867534131623
2025-08-22T14:58:54.131652,buy,112341.18000000,0.00005000,fill_bid_1755867534131652
2025-08-22T14:58:54.131718,buy,112341.18000000,0.00965000,fill_bid_1755867534131718
2025-08-22T14:58:54.131759,buy,112341.18000000,0.00084000,fill_bid_1755867534131759
2025-08-22T14:58:54.273111,buy,112338.14000000,0.00318000,fill_bid_1755867534273112
2025-08-22T14:58:54.316079,buy,112338.14000000,0.00007000,fill_bid_1755867534316080
2025-08-22T14:58:54.369871,buy,112338.14000000,0.02670000,fill_bid_1755867534369871
2025-08-22T14:58:54.376348,buy,112338.14000000,0.02670000,fill_bid_1755867534376349
2025-08-22T14:58:54.382009,buy,112338.14000000,0.02670000,fill_bid_1755867534382010
2025-08-22T14:58:54.388442,buy,112338.14000000,0.02670000,fill_bid_1755867534388442
2025-08-22T14:58:54.393975,buy,112338.14000000,0.00900000,fill_bid_1755867534393975
2025-08-22T14:58:54.625406,buy,112338.14000000,0.00016000,fill_bid_1755867534625406
2025-08-22T14:58:54.627844,buy,112338.14000000,0.00900000,fill_bid_1755867534627844
2025-08-22T14:58:54.635317,buy,112338.14000000,0.01450000,fill_bid_1755867534635317
2025-08-22T14:58:54.641809,buy,112338.14000000,0.02670000,fill_bid_1755867534641809
2025-08-22T14:58:54.901601,buy,112338.14000000,0.00198000,fill_bid_1755867534901601
2025-08-22T14:58:55.029472,sell,112338.15000000,0.00770000,fill_ask_1755867535029472
2025-08-22T14:58:55.312449,buy,112338.14000000,0.00320000,fill_bid_1755867535312449
2025-08-22T14:58:55.389687,buy,112338.14000000,0.03812000,fill_bid_1755867535389688
2025-08-22T14:58:55.394482,buy,112338.14000000,0.00005000,fill_bid_1755867535394482
2025-08-22T14:58:55.394598,buy,112338.14000000,0.00005000,fill_bid_1755867535394598
2025-08-22T14:58:55.394693,buy,112338.14000000,0.00005000,fill_bid_1755867535394693
2025-08-22T14:58:55.394785,buy,112338.14000000,0.00005000,fill_bid_1755867535394785
2025-08-22T14:58:55.394877,buy,112338.14000000,0.00005000,fill_bid_1755867535394877
2025-08-22T14:58:55.394968,buy,112338.14000000,0.00005000,fill_bid_1755867535394968
2025-08-22T14:58:55.395058,buy,112338.14000000,0.00005000,fill_bid_1755867535395058
2025-08-22T14:58:55.395149,buy,112338.14000000,0.00005000,fill_bid_1755867535395149
2025-08-22T14:58:55.395239,buy,112338.14000000,0.00005000,fill_bid_1755867535395239
2025-08-22T14:58:55.395391,buy,112338.14000000,0.00029000,fill_bid_1755867535395391
2025-08-22T14:58:55.395512,buy,112338.14000000,0.00027000,fill_bid_1755867535395512
2025-08-22T14:58:55.395609,buy,112338.14000000,0.00005000,fill_bid_1755867535395609
2025-08-22T14:58:55.395701,buy,112338.14000000,0.00010000,fill_bid_1755867535395702
2025-08-22T14:58:55.395793,buy,112338.14000000,0.00005000,fill_bid_1755867535395793
2025-08-22T14:58:55.395885,buy,112338.14000000,0.00005000,fill_bid_1755867535395885
2025-08-22T14:58:55.395975,buy,112338.14000000,0.00005000,fill_bid_1755867535395974
2025-08-22T14:58:55.396066,buy,112338.14000000,0.00005000,fill_bid_1755867535396066
2025-08-22T14:58:55.396157,buy,112338.14000000,0.00005000,fill_bid_1755867535396157
2025-08-22T14:58:55.396249,buy,112338.14000000,0.00005000,fill_bid_1755867535396249
2025-08-22T14:58:55.396341,buy,112338.14000000,0.00005000,fill_bid_1755867535396341
2025-08-22T14:58:55.396434,buy,112338.14000000,0.00005000,fill_bid_1755867535396433
2025-08-22T14:58:55.396582,buy,112338.14000000,0.00005000,fill_bid_1755867535396582
2025-08-22T14:58:55.396717,buy,112338.14000000,0.00005000,fill_bid_1755867535396717
2025-08-22T14:58:55.396805,buy,112338.14000000,0.00010000,fill_bid_1755867535396805
2025-08-22T14:58:55.396887,buy,112338.14000000,0.00010000,fill_bid_1755867535396887
2025-08-22T14:58:55.396968,buy,112338.14000000,0.00010000,fill_bid_1755867535396968
2025-08-22T14:58:55.397047,buy,112338.14000000,0.00005000,fill_bid_1755867535397048
2025-08-22T14:58:55.397128,buy,112338.14000000,0.00029000,fill_bid_1755867535397127
2025-08-22T14:58:55.397211,buy,112338.14000000,0.00005000,fill_bid_1755867535397210
2025-08-22T14:58:55.397296,buy,112338.14000000,0.00005000,fill_bid_1755867535397296
2025-08-22T14:58:55.397403,buy,112338.14000000,0.00005000,fill_bid_1755867535397402
2025-08-22T14:58:55.397486,buy,112338.14000000,0.00005000,fill_bid_1755867535397486
2025-08-22T14:58:55.397567,buy,112338.14000000,0.00005000,fill_bid_1755867535397567
2025-08-22T14:58:55.397648,buy,112338.14000000,0.00005000,fill_bid_1755867535397647
2025-08-22T14:58:55.397728,buy,112338.14000000,0.00005000,fill_bid_1755867535397728
2025-08-22T14:58:55.397811,buy,112338.14000000,0.00005000,fill_bid_1755867535397811
2025-08-22T14:58:55.397892,buy,112338.14000000,0.00005000,fill_bid_1755867535397892
2025-08-22T14:58:55.397972,buy,112338.14000000,0.00005000,fill_bid_1755867535397971
2025-08-22T14:58:55.398053,buy,112338.14000000,0.00005000,fill_bid_1755867535398054
2025-08-22T14:58:55.398135,buy,112338.14000000,0.00010000,fill_bid_1755867535398135
2025-08-22T14:58:55.398217,buy,112338.14000000,0.00005000,fill_bid_1755867535398217
2025-08-22T14:58:55.474034,buy,112337.32000000,0.00712000,fill_bid_1755867535474033
2025-08-22T14:58:55.474106,buy,112337.32000000,0.00249000,fill_bid_1755867535474106
2025-08-22T14:58:55.474166,buy,112337.32000000,0.00463000,fill_bid_1755867535474166
2025-08-22T14:58:55.474227,buy,112337.32000000,0.00712000,fill_bid_1755867535474227
2025-08-22T14:58:55.474283,buy,112337.32000000,0.00005000,fill_bid_1755867535474283
2025-08-22T14:58:55.474353,buy,112337.32000000,0.00010000,fill_bid_1755867535474352
2025-08-22T14:58:55.474417,buy,112337.32000000,0.00005000,fill_bid_1755867535474417
2025-08-22T14:58:55.474473,buy,112337.32000000,0.00005000,fill_bid_1755867535474473
2025-08-22T14:58:55.474528,buy,112337.32000000,0.00010000,fill_bid_1755867535474528
2025-08-22T14:58:55.474582,buy,112337.32000000,0.00005000,fill_bid_1755867535474582
2025-08-22T14:58:55.474637,buy,112337.32000000,0.00005000,fill_bid_1755867535474637
2025-08-22T14:58:55.474699,buy,112337.32000000,0.00005000,fill_bid_1755867535474699
2025-08-22T14:58:55.474754,buy,112337.32000000,0.00005000,fill_bid_1755867535474754
2025-08-22T14:58:55.474809,buy,112337.32000000,0.00005000,fill_bid_1755867535474809
2025-08-22T14:58:55.474864,buy,112337.32000000,0.00005000,fill_bid_1755867535474864
2025-08-22T14:58:55.474919,buy,112337.32000000,0.00005000,fill_bid_1755867535474918
2025-08-22T14:58:55.474973,buy,112337.32000000,0.00005000,fill_bid_1755867535474973
2025-08-22T14:58:55.475035,buy,112337.32000000,0.00005000,fill_bid_1755867535475035
2025-08-22T14:58:55.475090,buy,112337.32000000,0.00005000,fill_bid_1755867535475090
2025-08-22T14:58:55.475145,buy,112337.32000000,0.00005000,fill_bid_1755867535475144
2025-08-22T14:58:55.475200,buy,112337.32000000,0.00005000,fill_bid_1755867535475200
2025-08-22T14:58:55.475255,buy,112337.32000000,0.00005000,fill_bid_1755867535475255
2025-08-22T14:58:55.475310,buy,112337.32000000,0.00010000,fill_bid_1755867535475310
2025-08-22T14:58:55.475365,buy,112337.32000000,0.00005000,fill_bid_1755867535475365
2025-08-22T14:58:55.475419,buy,112337.32000000,0.00005000,fill_bid_1755867535475418
2025-08-22T14:58:55.475473,buy,112337.32000000,0.00005000,fill_bid_1755867535475473
2025-08-22T14:58:55.475539,buy,112337.32000000,0.00005000,fill_bid_1755867535475539
2025-08-22T14:58:55.475593,buy,112337.32000000,0.00005000,fill_bid_1755867535475592
2025-08-22T14:58:55.475648,buy,112337.32000000,0.00010000,fill_bid_1755867535475648
2025-08-22T14:58:55.475703,buy,112337.32000000,0.00033000,fill_bid_1755867535475703
2025-08-22T14:58:55.475758,buy,112337.32000000,0.00021000,fill_bid_1755867535475758
2025-08-22T14:58:55.475812,buy,112337.32000000,0.00005000,fill_bid_1755867535475812
2025-08-22T14:58:55.475867,buy,112337.32000000,0.00005000,fill_bid_1755867535475866
2025-08-22T14:58:55.475922,buy,112337.32000000,0.00005000,fill_bid_1755867535475921
2025-08-22T14:58:55.475977,buy,112337.32000000,0.00005000,fill_bid_1755867535475977
2025-08-22T14:58:55.476031,buy,112337.32000000,0.00010000,fill_bid_1755867535476031
2025-08-22T14:58:55.476092,buy,112337.32000000,0.00005000,fill_bid_1755867535476091
2025-08-22T14:58:55.476147,buy,112337.32000000,0.00005000,fill_bid_1755867535476147
2025-08-22T14:58:55.476202,buy,112337.32000000,0.00005000,fill_bid_1755867535476202
2025-08-22T14:58:55.476257,buy,112337.32000000,0.00005000,fill_bid_1755867535476257
2025-08-22T14:58:55.476312,buy,112337.32000000,0.00005000,fill_bid_1755867535476312
2025-08-22T14:58:55.476367,buy,112337.32000000,0.00005000,fill_bid_1755867535476367
2025-08-22T14:58:55.476421,buy,112337.32000000,0.00005000,fill_bid_1755867535476421
2025-08-22T14:58:55.476475,buy,112337.32000000,0.00005000,fill_bid_1755867535476474
2025-08-22T14:58:55.476530,buy,112337.32000000,0.00005000,fill_bid_1755867535476529
2025-08-22T14:58:55.476584,buy,112337.32000000,0.00005000,fill_bid_1755867535476584
2025-08-22T14:58:55.476639,buy,112337.32000000,0.01000000,fill_bid_1755867535476639
2025-08-22T14:58:55.476695,buy,112337.32000000,0.05000000,fill_bid_1755867535476695
2025-08-22T14:58:55.597381,sell,112336.54000000,0.00007000,fill_ask_1755867535597381
2025-08-22T14:58:55.682017,buy,112336.53000000,0.00335000,fill_bid_1755867535682018
2025-08-22T14:58:56.016453,buy,112336.53000000,0.00032000,fill_bid_1755867536016453
2025-08-22T14:58:56.175062,buy,112336.53000000,0.00045000,fill_bid_1755867536175062
2025-08-22T14:58:56.331144,buy,112336.53000000,0.01100000,fill_bid_1755867536331145
2025-08-22T14:58:56.808143,buy,112336.53000000,0.02670000,fill_bid_1755867536808143
2025-08-22T14:58:56.816906,buy,112336.53000000,0.00010000,fill_bid_1755867536816906
2025-08-22T14:58:56.816959,buy,112336.53000000,0.00005000,fill_bid_1755867536816959
2025-08-22T14:58:56.816989,buy,112336.53000000,0.00005000,fill_bid_1755867536816989
2025-08-22T14:58:56.817015,buy,112336.53000000,0.00005000,fill_bid_1755867536817015
2025-08-22T14:58:56.817040,buy,112336.53000000,0.00005000,fill_bid_1755867536817040
2025-08-22T14:58:56.817065,buy,112336.53000000,0.00005000,fill_bid_1755867536817065
2025-08-22T14:58:56.817088,buy,112336.53000000,0.00005000,fill_bid_1755867536817088
2025-08-22T14:58:56.817112,buy,112336.53000000,0.00005000,fill_bid_1755867536817112
2025-08-22T14:58:56.817134,buy,112336.53000000,0.00005000,fill_bid_1755867536817134
2025-08-22T14:58:56.817158,buy,112336.53000000,0.00005000,fill_bid_1755867536817158
2025-08-22T14:58:56.817182,buy,112336.53000000,0.00005000,fill_bid_1755867536817182
2025-08-22T14:58:56.817211,buy,112336.53000000,0.00005000,fill_bid_1755867536817211
2025-08-22T14:58:56.817240,buy,112336.53000000,0.00005000,fill_bid_1755867536817240
2025-08-22T14:58:56.817262,buy,112336.53000000,0.00005000,fill_bid_1755867536817262
2025-08-22T14:58:56.817284,buy,112336.53000000,0.00005000,fill_bid_1755867536817284
2025-08-22T14:58:56.817306,buy,112336.53000000,0.00005000,fill_bid_1755867536817306
2025-08-22T14:58:56.817328,buy,112336.53000000,0.00005000,fill_bid_1755867536817328
2025-08-22T14:58:56.817355,buy,112336.53000000,0.00005000,fill_bid_1755867536817355
2025-08-22T14:58:56.817383,buy,112336.53000000,0.00005000,fill_bid_1755867536817382
2025-08-22T14:58:56.817412,buy,112336.53000000,0.00005000,fill_bid_1755867536817412
2025-08-22T14:58:56.817434,buy,112336.53000000,0.00005000,fill_bid_1755867536817434
2025-08-22T14:58:56.817456,buy,112336.53000000,0.00005000,fill_bid_1755867536817456
2025-08-22T14:58:56.817478,buy,112336.53000000,0.00005000,fill_bid_1755867536817478
2025-08-22T14:58:56.817507,buy,112336.53000000,0.00005000,fill_bid_1755867536817507
2025-08-22T14:58:56.817535,buy,112336.53000000,0.00005000,fill_bid_1755867536817535
2025-08-22T14:58:56.817561,buy,112336.53000000,0.00005000,fill_bid_1755867536817561
2025-08-22T14:58:56.817583,buy,112336.53000000,0.00005000,fill_bid_1755867536817584
2025-08-22T14:58:56.817611,buy,112336.53000000,0.00005000,fill_bid_1755867536817611
2025-08-22T14:58:56.817635,buy,112336.53000000,0.00005000,fill_bid_1755867536817635
2025-08-22T14:58:56.817658,buy,112336.53000000,0.00005000,fill_bid_1755867536817658
2025-08-22T14:58:56.817686,buy,112336.53000000,0.00005000,fill_bid_1755867536817686
2025-08-22T14:58:56.817714,buy,112336.53000000,0.00034000,fill_bid_1755867536817715
2025-08-22T14:58:56.817743,buy,112336.53000000,0.00019000,fill_bid_1755867536817743
2025-08-22T14:58:56.817766,buy,112336.53000000,0.00005000,fill_bid_1755867536817766
2025-08-22T14:58:56.836262,buy,112336.53000000,0.00010000,fill_bid_1755867536836262
2025-08-22T14:58:56.836293,buy,112336.53000000,0.00005000,fill_bid_1755867536836293
2025-08-22T14:58:56.836317,buy,112336.53000000,0.00002000,fill_bid_1755867536836316
2025-08-22T14:58:56.836367,buy,112336.53000000,0.00003000,fill_bid_1755867536836367
2025-08-22T14:58:56.836390,buy,112336.53000000,0.00005000,fill_bid_1755867536836389
2025-08-22T14:58:56.836418,buy,112336.53000000,0.00002000,fill_bid_1755867536836418
2025-08-22T14:58:56.844580,buy,112336.53000000,0.00003000,fill_bid_1755867536844580
2025-08-22T14:58:56.844677,buy,112336.53000000,0.00005000,fill_bid_1755867536844677
2025-08-22T14:58:56.844756,buy,112336.53000000,0.00005000,fill_bid_1755867536844756
2025-08-22T14:58:56.844875,buy,112336.53000000,0.00005000,fill_bid_1755867536844876
2025-08-22T14:58:56.844963,buy,112336.53000000,0.00005000,fill_bid_1755867536844963
2025-08-22T14:58:56.845039,buy,112336.53000000,0.00005000,fill_bid_1755867536845039
2025-08-22T14:58:56.845107,buy,112336.53000000,0.00005000,fill_bid_1755867536845106
2025-08-22T14:58:56.845174,buy,112336.53000000,0.00005000,fill_bid_1755867536845174
2025-08-22T14:58:56.845240,buy,112336.53000000,0.00013000,fill_bid_1755867536845240
2025-08-22T14:58:56.845343,buy,112336.53000000,0.00017000,fill_bid_1755867536845342
2025-08-22T14:58:56.845431,buy,112336.53000000,0.00005000,fill_bid_1755867536845431
2025-08-22T14:58:56.845503,buy,112336.53000000,0.00010000,fill_bid_1755867536845503
2025-08-22T14:58:56.845573,buy,112336.53000000,0.00005000,fill_bid_1755867536845573
2025-08-22T14:58:56.845736,buy,112336.53000000,0.00005000,fill_bid_1755867536845736
2025-08-22T14:58:56.845809,buy,112336.53000000,0.00010000,fill_bid_1755867536845809
2025-08-22T14:58:56.845899,buy,112336.53000000,0.00005000,fill_bid_1755867536845899
2025-08-22T14:58:56.845975,buy,112336.53000000,0.00005000,fill_bid_1755867536845975
2025-08-22T14:58:56.854046,buy,112336.53000000,0.00005000,fill_bid_1755867536854045
2025-08-22T14:58:56.854135,buy,112336.53000000,0.00005000,fill_bid_1755867536854135
2025-08-22T14:58:56.854217,buy,112336.53000000,0.00005000,fill_bid_1755867536854217
2025-08-22T14:58:56.854299,buy,112336.53000000,0.00005000,fill_bid_1755867536854298
2025-08-22T14:58:56.854380,buy,112336.53000000,0.00005000,fill_bid_1755867536854380
2025-08-22T14:58:56.854460,buy,112336.53000000,0.00005000,fill_bid_1755867536854460
2025-08-22T14:58:56.854548,buy,112336.53000000,0.00005000,fill_bid_1755867536854549
2025-08-22T14:58:56.854631,buy,112336.53000000,0.00005000,fill_bid_1755867536854631
2025-08-22T14:58:56.854713,buy,112336.53000000,0.00005000,fill_bid_1755867536854714
2025-08-22T14:58:56.854836,buy,112336.53000000,0.00010000,fill_bid_1755867536854836
2025-08-22T14:58:56.855007,buy,112336.53000000,0.00005000,fill_bid_1755867536855007
2025-08-22T14:58:56.855090,buy,112336.53000000,0.00005000,fill_bid_1755867536855090
2025-08-22T14:58:56.855170,buy,112336.53000000,0.00005000,fill_bid_1755867536855170
2025-08-22T14:58:56.855250,buy,112336.53000000,0.00015000,fill_bid_1755867536855250
2025-08-22T14:58:56.855330,buy,112336.53000000,0.00005000,fill_bid_1755867536855330
2025-08-22T14:58:56.855409,buy,112336.53000000,0.00010000,fill_bid_1755867536855409
2025-08-22T14:58:56.855488,buy,112336.53000000,0.00005000,fill_bid_1755867536855489
2025-08-22T14:58:56.855572,buy,112336.53000000,0.00005000,fill_bid_1755867536855572
2025-08-22T14:58:56.855653,buy,112336.53000000,0.00005000,fill_bid_1755867536855653
2025-08-22T14:58:56.855732,buy,112336.53000000,0.00005000,fill_bid_1755867536855732
2025-08-22T14:58:56.855812,buy,112336.53000000,0.00005000,fill_bid_1755867536855812
2025-08-22T14:58:56.855890,buy,112336.53000000,0.00005000,fill_bid_1755867536855891
2025-08-22T14:58:56.855969,buy,112336.53000000,0.00005000,fill_bid_1755867536855969
2025-08-22T14:58:56.861678,buy,112336.53000000,0.00010000,fill_bid_1755867536861678
2025-08-22T14:58:56.861766,buy,112336.53000000,0.00005000,fill_bid_1755867536861765
2025-08-22T14:58:56.861849,buy,112336.53000000,0.00005000,fill_bid_1755867536861849
2025-08-22T14:58:56.861929,buy,112336.53000000,0.00005000,fill_bid_1755867536861929
2025-08-22T14:58:56.862029,buy,112336.53000000,0.00005000,fill_bid_1755867536862029
2025-08-22T14:58:56.862127,buy,112336.53000000,0.00005000,fill_bid_1755867536862127
2025-08-22T14:58:56.862235,buy,112336.53000000,0.00005000,fill_bid_1755867536862236
2025-08-22T14:58:56.862335,buy,112336.53000000,0.00005000,fill_bid_1755867536862335
2025-08-22T14:58:56.862423,buy,112336.53000000,0.00005000,fill_bid_1755867536862423
2025-08-22T14:58:56.862505,buy,112336.53000000,0.00005000,fill_bid_1755867536862505
2025-08-22T14:58:56.862608,buy,112336.53000000,0.00005000,fill_bid_1755867536862608
2025-08-22T14:58:56.862717,buy,112336.53000000,0.00005000,fill_bid_1755867536862717
2025-08-22T14:58:56.870026,buy,112336.53000000,0.00014000,fill_bid_1755867536870025
2025-08-22T14:58:56.870140,buy,112336.53000000,0.00010000,fill_bid_1755867536870139
2025-08-22T14:58:56.870233,buy,112336.53000000,0.00005000,fill_bid_1755867536870233
2025-08-22T14:58:57.099617,sell,112336.54000000,0.00100000,fill_ask_1755867537099618
2025-08-22T14:58:57.758971,buy,112336.53000000,0.00005000,fill_bid_1755867537758971
2025-08-22T14:58:57.759042,buy,112336.53000000,0.00005000,fill_bid_1755867537759042
2025-08-22T14:58:57.759096,buy,112336.53000000,0.00005000,fill_bid_1755867537759097
2025-08-22T14:58:57.759148,buy,112336.53000000,0.00005000,fill_bid_1755867537759148
2025-08-22T14:58:57.759199,buy,112336.53000000,0.00005000,fill_bid_1755867537759199
2025-08-22T14:58:57.759247,buy,112336.53000000,0.00005000,fill_bid_1755867537759247
2025-08-22T14:58:57.759295,buy,112336.53000000,0.00005000,fill_bid_1755867537759295
2025-08-22T14:58:57.759341,buy,112336.53000000,0.00005000,fill_bid_1755867537759341
2025-08-22T14:58:57.759388,buy,112336.53000000,0.00005000,fill_bid_1755867537759388
2025-08-22T14:58:57.759435,buy,112336.53000000,0.00010000,fill_bid_1755867537759435
2025-08-22T14:58:57.759483,buy,112336.53000000,0.00005000,fill_bid_1755867537759482
2025-08-22T14:58:57.759529,buy,112336.53000000,0.00005000,fill_bid_1755867537759529
2025-08-22T14:58:57.759576,buy,112336.53000000,0.00005000,fill_bid_1755867537759576
2025-08-22T14:58:57.759623,buy,112336.53000000,0.00013000,fill_bid_1755867537759622
2025-08-22T14:58:57.858267,buy,112336.53000000,0.00010000,fill_bid_1755867537858266
2025-08-22T14:58:57.858335,buy,112336.53000000,0.00005000,fill_bid_1755867537858335
2025-08-22T14:58:57.858387,buy,112336.53000000,0.00005000,fill_bid_1755867537858387
2025-08-22T14:58:57.858437,buy,112336.53000000,0.00005000,fill_bid_1755867537858437
2025-08-22T14:58:57.858485,buy,112336.53000000,0.00005000,fill_bid_1755867537858485
2025-08-22T14:58:57.858533,buy,112336.53000000,0.00005000,fill_bid_1755867537858533
2025-08-22T14:58:57.858581,buy,112336.53000000,0.00005000,fill_bid_1755867537858581
2025-08-22T14:58:57.858630,buy,112336.53000000,0.00005000,fill_bid_1755867537858630
2025-08-22T14:58:57.858679,buy,112336.53000000,0.00005000,fill_bid_1755867537858679
2025-08-22T14:58:57.858727,buy,112336.53000000,0.00005000,fill_bid_1755867537858727
2025-08-22T14:58:57.858781,buy,112336.53000000,0.00005000,fill_bid_1755867537858780
2025-08-22T14:58:57.858829,buy,112336.53000000,0.00005000,fill_bid_1755867537858829
2025-08-22T14:58:57.858877,buy,112336.53000000,0.00011000,fill_bid_1755867537858877
2025-08-22T14:58:57.863418,buy,112336.53000000,0.00010000,fill_bid_1755867537863418
2025-08-22T14:58:57.863469,buy,112336.53000000,0.00005000,fill_bid_1755867537863469
2025-08-22T14:58:57.875151,buy,112336.53000000,0.00005000,fill_bid_1755867537875151
2025-08-22T14:58:57.875211,buy,112336.53000000,0.00005000,fill_bid_1755867537875211
2025-08-22T14:58:57.875267,buy,112336.53000000,0.00005000,fill_bid_1755867537875267
2025-08-22T14:58:57.875323,buy,112336.53000000,0.00005000,fill_bid_1755867537875322
2025-08-22T14:58:57.875379,buy,112336.53000000,0.00005000,fill_bid_1755867537875378
2025-08-22T14:58:57.875434,buy,112336.53000000,0.00005000,fill_bid_1755867537875434
2025-08-22T14:58:57.875490,buy,112336.53000000,0.00005000,fill_bid_1755867537875490
2025-08-22T14:58:57.875545,buy,112336.53000000,0.00005000,fill_bid_1755867537875545
2025-08-22T14:58:57.875601,buy,112336.53000000,0.00005000,fill_bid_1755867537875600
2025-08-22T14:58:57.875657,buy,112336.53000000,0.00005000,fill_bid_1755867537875656
2025-08-22T14:58:57.875713,buy,112336.53000000,0.00010000,fill_bid_1755867537875713
2025-08-22T14:58:57.875768,buy,112336.53000000,0.00010000,fill_bid_1755867537875768
2025-08-22T14:58:57.875824,buy,112336.53000000,0.00005000,fill_bid_1755867537875824
2025-08-22T14:58:57.882375,buy,112336.53000000,0.00010000,fill_bid_1755867537882375
2025-08-22T14:58:57.882432,buy,112336.53000000,0.00005000,fill_bid_1755867537882432
2025-08-22T14:58:57.882487,buy,112336.53000000,0.00005000,fill_bid_1755867537882487
2025-08-22T14:58:57.882542,buy,112336.53000000,0.00005000,fill_bid_1755867537882542
2025-08-22T14:58:57.882597,buy,112336.53000000,0.00005000,fill_bid_1755867537882597
2025-08-22T14:58:57.882651,buy,112336.53000000,0.00005000,fill_bid_1755867537882650
2025-08-22T14:58:57.882707,buy,112336.53000000,0.00005000,fill_bid_1755867537882707
2025-08-22T14:58:57.889705,buy,112336.53000000,0.00005000,fill_bid_1755867537889705
2025-08-22T14:58:57.889762,buy,112336.53000000,0.00005000,fill_bid_1755867537889762
2025-08-22T14:58:57.889818,buy,112336.53000000,0.00005000,fill_bid_1755867537889818
2025-08-22T14:58:57.889873,buy,112336.53000000,0.00005000,fill_bid_1755867537889872
2025-08-22T14:58:57.889928,buy,112336.53000000,0.00005000,fill_bid_1755867537889927
2025-08-22T14:58:57.889984,buy,112336.53000000,0.00009000,fill_bid_1755867537889984
2025-08-22T14:58:57.890039,buy,112336.53000000,0.00005000,fill_bid_1755867537890039
2025-08-22T14:58:57.890095,buy,112336.53000000,0.00010000,fill_bid_1755867537890095
2025-08-22T14:58:57.890150,buy,112336.53000000,0.00005000,fill_bid_1755867537890149
2025-08-22T14:58:57.890205,buy,112336.53000000,0.00005000,fill_bid_1755867537890205
2025-08-22T14:58:57.890262,buy,112336.53000000,0.00005000,fill_bid_1755867537890262
2025-08-22T14:58:57.890316,buy,112336.53000000,0.00005000,fill_bid_1755867537890316
2025-08-22T14:58:57.890371,buy,112336.53000000,0.00005000,fill_bid_1755867537890371
2025-08-22T14:58:57.898078,buy,112336.53000000,0.00005000,fill_bid_1755867537898078
2025-08-22T14:58:57.898136,buy,112336.53000000,0.00005000,fill_bid_1755867537898136
2025-08-22T14:58:57.898192,buy,112336.53000000,0.00005000,fill_bid_1755867537898192
2025-08-22T14:58:57.898247,buy,112336.53000000,0.00010000,fill_bid_1755867537898247
2025-08-22T14:58:57.898302,buy,112336.53000000,0.00005000,fill_bid_1755867537898301
2025-08-22T14:58:57.898357,buy,112336.53000000,0.00005000,fill_bid_1755867537898357
2025-08-22T14:58:57.898412,buy,112336.53000000,0.00005000,fill_bid_1755867537898413
2025-08-22T14:58:57.905406,buy,112336.53000000,0.00005000,fill_bid_1755867537905406
2025-08-22T14:58:57.905468,buy,112336.53000000,0.00005000,fill_bid_1755867537905468
2025-08-22T14:58:57.905533,buy,112336.53000000,0.00005000,fill_bid_1755867537905532
2025-08-22T14:58:57.905590,buy,112336.53000000,0.00005000,fill_bid_1755867537905590
2025-08-22T14:58:57.905645,buy,112336.53000000,0.00005000,fill_bid_1755867537905645
2025-08-22T14:58:57.905700,buy,112336.53000000,0.00009000,fill_bid_1755867537905700
2025-08-22T14:58:57.905755,buy,112336.53000000,0.00010000,fill_bid_1755867537905754
2025-08-22T14:58:57.905816,buy,112336.53000000,0.00005000,fill_bid_1755867537905816
2025-08-22T14:58:57.905872,buy,112336.53000000,0.00005000,fill_bid_1755867537905871
2025-08-22T14:58:57.905926,buy,112336.53000000,0.00005000,fill_bid_1755867537905926
2025-08-22T14:58:57.905982,buy,112336.53000000,0.00005000,fill_bid_1755867537905982
2025-08-22T14:58:57.906037,buy,112336.53000000,0.00005000,fill_bid_1755867537906037
2025-08-22T14:58:57.906092,buy,112336.53000000,0.00005000,fill_bid_1755867537906092
2025-08-22T14:58:57.909564,buy,112336.53000000,0.00010000,fill_bid_1755867537909564
2025-08-22T14:58:57.909636,buy,112336.53000000,0.00005000,fill_bid_1755867537909636
2025-08-22T14:58:57.916949,buy,112336.53000000,0.00005000,fill_bid_1755867537916949
2025-08-22T14:58:57.917016,buy,112336.53000000,0.00005000,fill_bid_1755867537917016
2025-08-22T14:58:57.917082,buy,112336.53000000,0.00005000,fill_bid_1755867537917082
2025-08-22T14:58:57.917148,buy,112336.53000000,0.00005000,fill_bid_1755867537917147
2025-08-22T14:58:57.917214,buy,112336.53000000,0.00005000,fill_bid_1755867537917214
2025-08-22T14:58:57.917279,buy,112336.53000000,0.00005000,fill_bid_1755867537917279
2025-08-22T14:58:57.917343,buy,112336.53000000,0.00005000,fill_bid_1755867537917343
2025-08-22T14:58:57.917410,buy,112336.53000000,0.00005000,fill_bid_1755867537917410
2025-08-22T14:58:57.917475,buy,112336.53000000,0.00005000,fill_bid_1755867537917475
2025-08-22T14:58:57.917540,buy,112336.53000000,0.00005000,fill_bid_1755867537917540
2025-08-22T14:58:57.917605,buy,112336.53000000,0.00005000,fill_bid_1755867537917605
2025-08-22T14:58:57.917669,buy,112336.53000000,0.00010000,fill_bid_1755867537917669
2025-08-22T14:58:57.922063,buy,112336.53000000,0.00016000,fill_bid_1755867537922063
2025-08-22T14:58:57.922169,buy,112336.53000000,0.00005000,fill_bid_1755867537922169
2025-08-22T14:58:57.922258,buy,112336.53000000,0.00010000,fill_bid_1755867537922258
2025-08-22T14:58:57.928667,buy,112336.53000000,0.00005000,fill_bid_1755867537928666
2025-08-22T14:58:57.928760,buy,112336.53000000,0.00004000,fill_bid_1755867537928760
2025-08-22T14:58:57.933968,buy,112336.53000000,0.00001000,fill_bid_1755867537933968
2025-08-22T14:58:57.934058,buy,112336.53000000,0.00005000,fill_bid_1755867537934058
2025-08-22T14:58:57.934141,buy,112336.53000000,0.00005000,fill_bid_1755867537934141
2025-08-22T14:58:57.934222,buy,112336.53000000,0.00005000,fill_bid_1755867537934222
2025-08-22T14:58:57.934304,buy,112336.53000000,0.00004000,fill_bid_1755867537934304
2025-08-22T14:58:58.028461,sell,112336.54000000,0.00007000,fill_ask_1755867538028461
2025-08-22T14:58:58.057513,buy,112336.53000000,0.00001000,fill_bid_1755867538057514
2025-08-22T14:58:58.057677,buy,112336.53000000,0.00005000,fill_bid_1755867538057677
2025-08-22T14:58:58.057811,buy,112336.53000000,0.00005000,fill_bid_1755867538057812
2025-08-22T14:58:58.057937,buy,112336.53000000,0.00005000,fill_bid_1755867538057937
2025-08-22T14:58:58.058063,buy,112336.53000000,0.00005000,fill_bid_1755867538058063
2025-08-22T14:58:58.058187,buy,112336.53000000,0.00010000,fill_bid_1755867538058187
2025-08-22T14:58:58.058311,buy,112336.53000000,0.00005000,fill_bid_1755867538058311
2025-08-22T14:58:58.058432,buy,112336.53000000,0.00013000,fill_bid_1755867538058432
2025-08-22T14:58:58.058559,buy,112336.53000000,0.00005000,fill_bid_1755867538058559
2025-08-22T14:58:58.058683,buy,112336.53000000,0.00005000,fill_bid_1755867538058683
2025-08-22T14:58:58.058812,buy,112336.53000000,0.00005000,fill_bid_1755867538058812
2025-08-22T14:58:58.058934,buy,112336.53000000,0.00005000,fill_bid_1755867538058934
2025-08-22T14:58:58.059061,buy,112336.53000000,0.00005000,fill_bid_1755867538059061
2025-08-22T14:58:58.061597,buy,112336.53000000,0.00010000,fill_bid_1755867538061596
2025-08-22T14:58:58.061700,buy,112336.53000000,0.00005000,fill_bid_1755867538061700
2025-08-22T14:58:58.061794,buy,112336.53000000,0.00005000,fill_bid_1755867538061794
2025-08-22T14:58:58.067039,buy,112336.53000000,0.00005000,fill_bid_1755867538067040
2025-08-22T14:58:58.067138,buy,112336.53000000,0.00005000,fill_bid_1755867538067138
2025-08-22T14:58:58.067234,buy,112336.53000000,0.00005000,fill_bid_1755867538067234
2025-08-22T14:58:58.067325,buy,112336.53000000,0.00005000,fill_bid_1755867538067325
2025-08-22T14:58:58.067418,buy,112336.53000000,0.00005000,fill_bid_1755867538067418
2025-08-22T14:58:58.067509,buy,112336.53000000,0.00005000,fill_bid_1755867538067509
2025-08-22T14:58:58.067615,buy,112336.53000000,0.00005000,fill_bid_1755867538067615
2025-08-22T14:58:58.067708,buy,112336.53000000,0.00005000,fill_bid_1755867538067708
2025-08-22T14:58:58.067803,buy,112336.53000000,0.00005000,fill_bid_1755867538067803
2025-08-22T14:58:58.067895,buy,112336.53000000,0.00010000,fill_bid_1755867538067895
2025-08-22T14:58:58.067989,buy,112336.53000000,0.00010000,fill_bid_1755867538067989
2025-08-22T14:58:58.087104,buy,112336.53000000,0.00005000,fill_bid_1755867538087104
2025-08-22T14:58:58.087522,buy,112336.53000000,0.00005000,fill_bid_1755867538087522
2025-08-22T14:58:58.087594,buy,112336.53000000,0.00005000,fill_bid_1755867538087594
2025-08-22T14:58:58.087662,buy,112336.53000000,0.00010000,fill_bid_1755867538087662
2025-08-22T14:58:58.087750,buy,112336.53000000,0.00005000,fill_bid_1755867538087750
2025-08-22T14:58:58.087817,buy,112336.53000000,0.00005000,fill_bid_1755867538087817
2025-08-22T14:58:58.087883,buy,112336.53000000,0.00005000,fill_bid_1755867538087883
2025-08-22T14:58:58.087949,buy,112336.53000000,0.00005000,fill_bid_1755867538087949
2025-08-22T14:58:58.088114,buy,112336.53000000,0.00005000,fill_bid_1755867538088115
2025-08-22T14:58:58.088222,buy,112336.53000000,0.00005000,fill_bid_1755867538088222
2025-08-22T14:58:58.088299,buy,112336.53000000,0.00005000,fill_bid_1755867538088299
2025-08-22T14:58:58.088369,buy,112336.53000000,0.00005000,fill_bid_1755867538088369
2025-08-22T14:58:58.088437,buy,112336.53000000,0.00005000,fill_bid_1755867538088437
2025-08-22T14:58:58.088505,buy,112336.53000000,0.00009000,fill_bid_1755867538088505
2025-08-22T14:58:58.088572,buy,112336.53000000,0.00010000,fill_bid_1755867538088571
2025-08-22T14:58:58.126699,buy,112336.53000000,0.00005000,fill_bid_1755867538126700
2025-08-22T14:58:58.126823,buy,112336.53000000,0.00005000,fill_bid_1755867538126823
2025-08-22T14:58:58.126915,buy,112336.53000000,0.00010000,fill_bid_1755867538126915
2025-08-22T14:58:58.127003,buy,112336.53000000,0.00005000,fill_bid_1755867538127003
2025-08-22T14:58:58.127085,buy,112336.53000000,0.00005000,fill_bid_1755867538127085
2025-08-22T14:58:58.127168,buy,112336.53000000,0.00005000,fill_bid_1755867538127168
2025-08-22T14:58:58.127253,buy,112336.53000000,0.00005000,fill_bid_1755867538127254
2025-08-22T14:58:58.127338,buy,112336.53000000,0.00005000,fill_bid_1755867538127338
2025-08-22T14:58:58.127419,buy,112336.53000000,0.00005000,fill_bid_1755867538127419
2025-08-22T14:58:58.127504,buy,112336.53000000,0.00005000,fill_bid_1755867538127503
2025-08-22T14:58:58.127588,buy,112336.53000000,0.00005000,fill_bid_1755867538127588
2025-08-22T14:58:58.127671,buy,112336.53000000,0.00005000,fill_bid_1755867538127671
2025-08-22T14:58:58.132880,buy,112336.53000000,0.00010000,fill_bid_1755867538132880
2025-08-22T14:58:58.133056,buy,112336.53000000,0.00005000,fill_bid_1755867538133056
2025-08-22T14:58:58.140219,buy,112336.53000000,0.00005000,fill_bid_1755867538140220
2025-08-22T14:58:58.140335,buy,112336.53000000,0.00005000,fill_bid_1755867538140336
2025-08-22T14:58:58.140500,buy,112336.53000000,0.00005000,fill_bid_1755867538140500
2025-08-22T14:58:58.140585,buy,112336.53000000,0.00005000,fill_bid_1755867538140585
2025-08-22T14:58:58.140683,buy,112336.53000000,0.00005000,fill_bid_1755867538140683
2025-08-22T14:58:58.140806,buy,112336.53000000,0.00005000,fill_bid_1755867538140807
2025-08-22T14:58:58.140898,buy,112336.53000000,0.00005000,fill_bid_1755867538140898
2025-08-22T14:58:58.140975,buy,112336.53000000,0.00005000,fill_bid_1755867538140975
2025-08-22T14:58:58.141051,buy,112336.53000000,0.00005000,fill_bid_1755867538141050
2025-08-22T14:58:58.141125,buy,112336.53000000,0.00005000,fill_bid_1755867538141125
2025-08-22T14:58:58.141216,buy,112336.53000000,0.00010000,fill_bid_1755867538141216
2025-08-22T14:58:58.145267,buy,112336.53000000,0.00005000,fill_bid_1755867538145268
2025-08-22T14:58:58.145441,buy,112336.53000000,0.00010000,fill_bid_1755867538145441
2025-08-22T14:58:58.145557,buy,112336.53000000,0.00005000,fill_bid_1755867538145557
2025-08-22T14:58:58.145715,buy,112336.53000000,0.00005000,fill_bid_1755867538145715
2025-08-22T14:58:58.145802,buy,112336.53000000,0.00005000,fill_bid_1755867538145802
2025-08-22T14:58:58.145940,buy,112336.53000000,0.00005000,fill_bid_1755867538145940
2025-08-22T14:58:58.146042,buy,112336.53000000,0.00005000,fill_bid_1755867538146042
2025-08-22T14:58:58.151870,buy,112336.53000000,0.00005000,fill_bid_1755867538151870
2025-08-22T14:58:58.151958,buy,112336.53000000,0.00005000,fill_bid_1755867538151959
2025-08-22T14:58:58.152033,buy,112336.53000000,0.00005000,fill_bid_1755867538152033
2025-08-22T14:58:58.152105,buy,112336.53000000,0.00005000,fill_bid_1755867538152104
2025-08-22T14:58:58.152176,buy,112336.53000000,0.00005000,fill_bid_1755867538152176
2025-08-22T14:58:58.152249,buy,112336.53000000,0.00010000,fill_bid_1755867538152249
2025-08-22T14:58:58.152322,buy,112336.53000000,0.00005000,fill_bid_1755867538152322
2025-08-22T14:58:58.152394,buy,112336.53000000,0.00005000,fill_bid_1755867538152394
2025-08-22T14:58:58.152468,buy,112336.53000000,0.00005000,fill_bid_1755867538152468
2025-08-22T14:58:58.152544,buy,112336.53000000,0.00005000,fill_bid_1755867538152544
2025-08-22T14:58:58.158688,buy,112336.53000000,0.00005000,fill_bid_1755867538158688
2025-08-22T14:58:58.158799,buy,112336.53000000,0.00005000,fill_bid_1755867538158800
2025-08-22T14:58:58.158886,buy,112336.53000000,0.00005000,fill_bid_1755867538158886
2025-08-22T14:58:58.158969,buy,112336.53000000,0.00010000,fill_bid_1755867538158969
2025-08-22T14:58:58.162771,buy,112336.53000000,0.00005000,fill_bid_1755867538162771
2025-08-22T14:58:58.162868,buy,112336.53000000,0.00004000,fill_bid_1755867538162869
2025-08-22T14:58:58.170354,buy,112336.53000000,0.00001000,fill_bid_1755867538170354
2025-08-22T14:58:58.170459,buy,112336.53000000,0.00005000,fill_bid_1755867538170458
2025-08-22T14:58:58.170554,buy,112336.53000000,0.00005000,fill_bid_1755867538170555
2025-08-22T14:58:58.170731,buy,112336.53000000,0.00005000,fill_bid_1755867538170731
2025-08-22T14:58:58.170833,buy,112336.53000000,0.00005000,fill_bid_1755867538170833
2025-08-22T14:58:58.170927,buy,112336.53000000,0.00005000,fill_bid_1755867538170927
2025-08-22T14:58:58.171019,buy,112336.53000000,0.00005000,fill_bid_1755867538171019
2025-08-22T14:58:58.171131,buy,112336.53000000,0.00005000,fill_bid_1755867538171131
2025-08-22T14:58:58.171222,buy,112336.53000000,0.00010000,fill_bid_1755867538171223
2025-08-22T14:58:58.171313,buy,112336.53000000,0.00005000,fill_bid_1755867538171314
2025-08-22T14:58:58.171406,buy,112336.53000000,0.00005000,fill_bid_1755867538171406
2025-08-22T14:58:58.356662,sell,112336.54000000,0.00008000,fill_ask_1755867538356663
2025-08-22T14:58:59.786992,sell,112336.54000000,0.00005000,fill_ask_1755867539786992
2025-08-22T14:59:00.193842,sell,112336.54000000,0.00036000,fill_ask_1755867540193843
2025-08-22T14:59:00.940590,sell,112336.54000000,0.00400000,fill_ask_1755867540940591
2025-08-22T14:59:00.994268,buy,112336.53000000,0.00005000,fill_bid_1755867540994268
2025-08-22T14:59:00.994385,buy,112336.53000000,0.00002000,fill_bid_1755867540994385
2025-08-22T14:59:01.001460,sell,112336.54000000,0.03500000,fill_ask_1755867541001461
2025-08-22T14:59:01.920170,buy,112336.53000000,0.00003000,fill_bid_1755867541920170
2025-08-22T14:59:01.920267,buy,112336.53000000,0.00005000,fill_bid_1755867541920267
2025-08-22T14:59:01.920342,buy,112336.53000000,0.03023000,fill_bid_1755867541920343
2025-08-22T14:59:01.924066,sell,112336.54000000,0.00007000,fill_ask_1755867541924066
2025-08-22T14:59:01.924141,sell,112336.54000000,0.00074000,fill_ask_1755867541924141
2025-08-22T14:59:02.046047,sell,112336.54000000,0.00370000,fill_ask_1755867542046047
2025-08-22T14:59:02.046129,sell,112336.54000000,0.00130000,fill_ask_1755867542046129
2025-08-22T14:59:02.080189,buy,112336.53000000,0.01042000,fill_bid_1755867542080190
2025-08-22T14:59:02.554481,sell,112336.54000000,0.00007000,fill_ask_1755867542554482
2025-08-22T14:59:03.139994,sell,112336.54000000,0.00101000,fill_ask_1755867543139994
2025-08-22T14:59:03.487279,sell,112336.54000000,0.00044000,fill_ask_1755867543487279
2025-08-22T14:59:03.604017,sell,112336.54000000,0.00090000,fill_ask_1755867543604016
2025-08-22T14:59:03.696788,sell,112336.54000000,0.00400000,fill_ask_1755867543696788
2025-08-22T14:59:03.700701,buy,112336.53000000,0.00007000,fill_bid_1755867543700701
2025-08-22T14:59:03.995770,sell,112336.54000000,0.00561000,fill_ask_1755867543995770
2025-08-22T14:59:03.995853,sell,112336.54000000,0.01992000,fill_ask_1755867543995853
2025-08-22T14:59:03.995916,sell,112336.54000000,0.00075000,fill_ask_1755867543995916
2025-08-22T14:59:03.995975,sell,112336.54000000,0.00076000,fill_ask_1755867543995975
2025-08-22T14:59:03.996148,sell,112336.54000000,0.00021000,fill_ask_1755867543996147
2025-08-22T14:59:03.996267,sell,112336.54000000,0.00712000,fill_ask_1755867543996267
2025-08-22T14:59:03.996342,sell,112336.54000000,0.00063000,fill_ask_1755867543996342
2025-08-22T14:59:03.996884,buy,112336.53000000,0.00443000,fill_bid_1755867543996883
2025-08-22T14:59:04.647060,buy,112336.53000000,0.00054000,fill_bid_1755867544647060
2025-08-22T14:59:04.647908,sell,112336.54000000,0.00400000,fill_ask_1755867544647908
2025-08-22T14:59:04.687287,buy,112336.53000000,0.00089000,fill_bid_1755867544687287
2025-08-22T14:59:05.172644,sell,112336.54000000,0.00037000,fill_ask_1755867545172644
2025-08-22T14:59:05.172775,sell,112336.54000000,0.00004000,fill_ask_1755867545172775
2025-08-22T14:59:05.181951,sell,112336.54000000,0.00044000,fill_ask_1755867545181951
2025-08-22T14:59:05.243969,sell,112336.54000000,0.00445000,fill_ask_1755867545243969
2025-08-22T14:59:05.697875,sell,112336.54000000,0.00007000,fill_ask_1755867545697875
2025-08-22T14:59:05.699037,sell,112336.54000000,0.01800000,fill_ask_1755867545699036
2025-08-22T14:59:05.729978,buy,112336.53000000,0.00017000,fill_bid_1755867545729978
2025-08-22T14:59:05.808967,sell,112336.54000000,0.00005000,fill_ask_1755867545808967
2025-08-22T14:59:05.821913,buy,112336.53000000,0.00066000,fill_bid_1755867545821913
2025-08-22T14:59:06.049434,buy,112336.53000000,0.00562000,fill_bid_1755867546049434
2025-08-22T14:59:06.171069,sell,112336.54000000,0.00047000,fill_ask_1755867546171069
2025-08-22T14:59:06.324118,buy,112336.53000000,0.00089000,fill_bid_1755867546324118
2025-08-22T14:59:06.908790,buy,112336.53000000,0.00007000,fill_bid_1755867546908790
2025-08-22T14:59:07.754835,buy,112336.53000000,0.00108000,fill_bid_1755867547754836
2025-08-22T14:59:07.763220,buy,112336.53000000,0.01071000,fill_bid_1755867547763221
2025-08-22T14:59:07.795494,sell,112336.54000000,0.00036000,fill_ask_1755867547795494
2025-08-22T14:59:08.115491,buy,112336.53000000,0.00491000,fill_bid_1755867548115491
2025-08-22T14:59:08.115595,buy,112336.53000000,0.01020000,fill_bid_1755867548115596
2025-08-22T14:59:08.117629,buy,112336.53000000,0.05000000,fill_bid_1755867548117628
2025-08-22T14:59:08.117815,buy,112336.53000000,0.03022000,fill_bid_1755867548117815
2025-08-22T14:59:08.320923,sell,112336.54000000,0.00007000,fill_ask_1755867548320923
2025-08-22T14:59:08.512116,buy,112336.53000000,0.00068000,fill_bid_1755867548512116
2025-08-22T14:59:09.167024,sell,112336.54000000,0.00101000,fill_ask_1755867549167024
2025-08-22T14:59:09.292865,buy,112336.53000000,0.00072000,fill_bid_1755867549292866
2025-08-22T14:59:09.767587,buy,112336.53000000,0.00007000,fill_bid_1755867549767587
2025-08-22T14:59:09.844486,sell,112336.54000000,0.00089000,fill_ask_1755867549844486
2025-08-22T14:59:09.850830,buy,112336.53000000,0.00100000,fill_bid_1755867549850830
2025-08-22T14:59:10.093782,sell,112336.54000000,0.00021000,fill_ask_1755867550093782
2025-08-22T14:59:10.094407,buy,112336.53000000,0.00089000,fill_bid_1755867550094408
2025-08-22T14:59:10.136717,sell,112336.54000000,0.00097000,fill_ask_1755867550136717
2025-08-22T14:59:10.616571,sell,112336.54000000,0.00100000,fill_ask_1755867550616572
2025-08-22T14:59:10.616782,sell,112336.54000000,0.00071000,fill_ask_1755867550616783
2025-08-22T14:59:10.706638,buy,112336.53000000,0.00068000,fill_bid_1755867550706638
2025-08-22T14:59:11.156720,sell,112336.54000000,0.00007000,fill_ask_1755867551156720
2025-08-22T14:59:11.574636,buy,112336.53000000,0.00021000,fill_bid_1755867551574636
2025-08-22T14:59:12.443173,buy,112336.53000000,0.00007000,fill_bid_1755867552443173
2025-08-22T14:59:13.790839,sell,112336.54000000,0.00007000,fill_ask_1755867553790840
2025-08-22T14:59:13.844503,sell,112336.54000000,0.00010000,fill_ask_1755867553844504
2025-08-22T14:59:14.391159,buy,112336.53000000,0.00013000,fill_bid_1755867554391160
2025-08-22T14:59:14.391702,sell,112336.54000000,0.00013000,fill_ask_1755867554391703
2025-08-22T14:59:14.491404,buy,112336.53000000,0.00289000,fill_bid_1755867554491404
2025-08-22T14:59:14.610962,buy,112336.53000000,0.00011000,fill_bid_1755867554610962
2025-08-22T14:59:14.810681,buy,112336.53000000,0.05000000,fill_bid_1755867554810682
2025-08-22T14:59:15.001811,buy,112336.53000000,0.00504000,fill_bid_1755867555001813
2025-08-22T14:59:15.097308,buy,112336.53000000,0.00007000,fill_bid_1755867555097308
2025-08-22T14:59:15.117434,buy,112336.53000000,0.00127000,fill_bid_1755867555117435
2025-08-22T14:59:15.859905,sell,112336.54000000,0.00361000,fill_ask_1755867555859905
2025-08-22T14:59:15.860000,sell,112336.54000000,0.00157000,fill_ask_1755867555860000
2025-08-22T14:59:15.860075,sell,112336.54000000,0.00010000,fill_ask_1755867555860075
2025-08-22T14:59:15.860147,sell,112336.54000000,0.00005000,fill_ask_1755867555860147
2025-08-22T14:59:15.860221,sell,112336.54000000,0.00087000,fill_ask_1755867555860221
2025-08-22T14:59:16.398339,sell,112336.54000000,0.00362000,fill_ask_1755867556398339
2025-08-22T14:59:17.549876,sell,112336.54000000,0.00007000,fill_ask_1755867557549876
2025-08-22T14:59:18.183320,buy,112336.53000000,0.00601000,fill_bid_1755867558183320
2025-08-22T14:59:18.494359,buy,112336.53000000,0.00043000,fill_bid_1755867558494359
2025-08-22T14:59:18.758769,sell,112336.54000000,0.00027000,fill_ask_1755867558758768
2025-08-22T14:59:19.007648,buy,112336.53000000,0.00007000,fill_bid_1755867559007648
2025-08-22T14:59:19.260700,sell,112336.54000000,0.00094000,fill_ask_1755867559260701
2025-08-22T14:59:19.723877,buy,112336.53000000,0.05000000,fill_bid_1755867559723877
2025-08-22T14:59:20.586574,sell,112336.54000000,0.00007000,fill_ask_1755867560586575
2025-08-22T14:59:20.636606,sell,112336.54000000,0.00234000,fill_ask_1755867560636607
2025-08-22T14:59:20.773573,sell,112336.54000000,0.00009000,fill_ask_1755867560773573
2025-08-22T14:59:21.107976,sell,112336.54000000,0.01691000,fill_ask_1755867561107977
2025-08-22T14:59:21.892339,buy,112336.53000000,0.00007000,fill_bid_1755867561892339
